School District ID,School District,Year,Enrolled,Graduates
97000US3628590,Syracuse City School District,2015,2886,1574
97000US3628590,Syracuse City School District,2016,2940,1794
97000US3628590,Syracuse City School District,2017,2820,1706
97000US3628590,Syracuse City School District,2018,2920,1702
97000US3628590,Syracuse City School District,2019,3010,1844
97000US3628590,Syracuse City School District,2020,2952,1960
97000US3628590,Syracuse City School District,2021,2778,2100
97000US3628590,Syracuse City School District,2022,2770,1922
97000US3628590,Syracuse City School District,2023,2606,1680
97000US3628590,Syracuse City School District,2024,2574,1786
97000US3628590,Syracuse City School District,2025,1356,901
