Year,Tract ID,Tract,Lead Value
2013,14000US36067000100,Census Tract 1,0
2013,14000US36067000200,Census Tract 2,0.17326731979846954
2013,14000US36067000300,Census Tract 3,0.08888889104127884
2013,14000US36067000400,Census Tract 4,0.08080808073282242
2013,14000US36067000501,Census Tract 5.01,0.12435232847929001
2013,14000US36067000600,Census Tract 6,0.18799999356269836
2013,14000US36067000700,Census Tract 7,0.11926605552434921
2013,14000US36067000800,Census Tract 8,0.16230367124080658
2013,14000US36067000900,Census Tract 9,0.016393441706895828
2013,14000US36067001000,Census Tract 10,0.0796460211277008
2013,14000US36067001400,Census Tract 14,0.18382352590560913
2013,14000US36067001500,Census Tract 15,0.23181818425655365
2013,14000US36067001600,Census Tract 16,0.03448275849223137
2013,14000US36067001701,Census Tract 17.01,0.09166666865348816
2013,14000US36067001702,Census Tract 17.02,0.09876543283462524
2013,14000US36067001800,Census Tract 18,0.020408162847161293
2013,14000US36067001900,Census Tract 19,0.04545454680919647
2013,14000US36067002000,Census Tract 20,0.14457830786705017
2013,14000US36067002101,Census Tract 21.01,0.1702127605676651
2013,14000US36067002300,Census Tract 23,0.18103447556495667
2013,14000US36067002400,Census Tract 24,0.10948905348777771
2013,14000US36067002700,Census Tract 27,0.15217390656471252
2013,14000US36067002901,Census Tract 29.01,0.13461539149284363
2013,14000US36067003000,Census Tract 30,0.09448818862438202
2013,14000US36067003200,Census Tract 32,0.06451612710952759
2013,14000US36067003400,Census Tract 34,0.0416666679084301
2013,14000US36067003500,Census Tract 35,0.0625
2013,14000US36067003601,Census Tract 36.01,0.06306306272745132
2013,14000US36067003602,Census Tract 36.02,0.03846153989434242
2013,14000US36067003800,Census Tract 38,0.15789473056793213
2013,14000US36067003900,Census Tract 39,0.25167784094810486
2013,14000US36067004000,Census Tract 40,0.18888889253139496
2013,14000US36067004200,Census Tract 42,0.095238097012043
2013,14000US36067004301,Census Tract 43.01,0.0714285746216774
2013,14000US36067004500,Census Tract 45,0.0793650820851326
2013,14000US36067004600,Census Tract 46,0.1515151560306549
2013,14000US36067004800,Census Tract 48,0
2013,14000US36067004900,Census Tract 49,0.18000000715255737
2013,14000US36067005000,Census Tract 50,0.16249999403953552
2013,14000US36067005100,Census Tract 51,0.14685314893722534
2013,14000US36067005200,Census Tract 52,0.1985294073820114
2013,14000US36067005300,Census Tract 53,0.21487602591514587
2013,14000US36067005400,Census Tract 54,0.26178011298179626
2013,14000US36067005500,Census Tract 55,0.009345794096589088
2013,14000US36067005601,Census Tract 56.01,0.03703703731298447
2013,14000US36067005700,Census Tract 57,0.16923077404499054
2013,14000US36067005800,Census Tract 58,0.30263158679008484
2013,14000US36067005900,Census Tract 59,0.24271844327449799
2013,14000US36067006000,Census Tract 60,0.06862745434045792
2013,14000US36067006101,Census Tract 61.01,0.06976744532585144
2013,14000US36067006102,Census Tract 61.02,0.0714285746216774
2013,14000US36067006103,Census Tract 61.03,0.09259258955717087
2014,14000US36067000100,Census Tract 1,0
2014,14000US36067000200,Census Tract 2,0.13855421543121338
2014,14000US36067000300,Census Tract 3,0.06521739065647125
2014,14000US36067000400,Census Tract 4,0.07692307978868484
2014,14000US36067000501,Census Tract 5.01,0.18137255311012268
2014,14000US36067000600,Census Tract 6,0.1302325576543808
2014,14000US36067000700,Census Tract 7,0.07563025504350662
2014,14000US36067000800,Census Tract 8,0.20499999821186066
2014,14000US36067000900,Census Tract 9,0.015384615398943424
2014,14000US36067001000,Census Tract 10,0.033707864582538605
2014,14000US36067001400,Census Tract 14,0.18884120881557465
2014,14000US36067001500,Census Tract 15,0.19354838132858276
2014,14000US36067001600,Census Tract 16,0.072727270424366
2014,14000US36067001701,Census Tract 17.01,0.08547008782625198
2014,14000US36067001702,Census Tract 17.02,0.0972222238779068
2014,14000US36067001800,Census Tract 18,0.02777777798473835
2014,14000US36067001900,Census Tract 19,0.012195121496915817
2014,14000US36067002000,Census Tract 20,0.1315789520740509
2014,14000US36067002101,Census Tract 21.01,0.17699114978313446
2014,14000US36067002300,Census Tract 23,0.25609755516052246
2014,14000US36067002400,Census Tract 24,0.11450381577014923
2014,14000US36067002700,Census Tract 27,0.05999999865889549
2014,14000US36067002901,Census Tract 29.01,0.10000000149011612
2014,14000US36067003000,Census Tract 30,0.09322033822536469
2014,14000US36067003200,Census Tract 32,0.03703703731298447
2014,14000US36067003400,Census Tract 34,0.06521739065647125
2014,14000US36067003500,Census Tract 35,0.05050504952669144
2014,14000US36067003601,Census Tract 36.01,0.0776699036359787
2014,14000US36067003602,Census Tract 36.02,0.03448275849223137
2014,14000US36067003800,Census Tract 38,0.1627907007932663
2014,14000US36067003900,Census Tract 39,0.23144105076789856
2014,14000US36067004000,Census Tract 40,0.16438356041908264
2014,14000US36067004200,Census Tract 42,0.03311258181929588
2014,14000US36067004301,Census Tract 43.01,0
2014,14000US36067004500,Census Tract 45,0.019607843831181526
2014,14000US36067004600,Census Tract 46,0.009708737954497337
2014,14000US36067004800,Census Tract 48,0
2014,14000US36067004900,Census Tract 49,0.12068965286016464
2014,14000US36067005000,Census Tract 50,0.130952388048172
2014,14000US36067005100,Census Tract 51,0.19718310236930847
2014,14000US36067005200,Census Tract 52,0.2083333283662796
2014,14000US36067005300,Census Tract 53,0.15740740299224854
2014,14000US36067005400,Census Tract 54,0.20886075496673584
2014,14000US36067005500,Census Tract 55,0.017543859779834747
2014,14000US36067005601,Census Tract 56.01,0.04878048598766327
2014,14000US36067005700,Census Tract 57,0.14864864945411682
2014,14000US36067005800,Census Tract 58,0.20987653732299805
2014,14000US36067005900,Census Tract 59,0.2118644118309021
2014,14000US36067006000,Census Tract 60,0.1090909093618393
2014,14000US36067006101,Census Tract 61.01,0.11009174585342407
2014,14000US36067006102,Census Tract 61.02,0.0416666679084301
2014,14000US36067006103,Census Tract 61.03,0.1428571492433548
2015,14000US36067000100,Census Tract 1,0
2015,14000US36067000200,Census Tract 2,0.11374407261610031
2015,14000US36067000300,Census Tract 3,0.1034482792019844
2015,14000US36067000400,Census Tract 4,0.06315789371728897
2015,14000US36067000501,Census Tract 5.01,0.1650485396385193
2015,14000US36067000600,Census Tract 6,0.15418502688407898
2015,14000US36067000700,Census Tract 7,0.1808510571718216
2015,14000US36067000800,Census Tract 8,0.1344086080789566
2015,14000US36067000900,Census Tract 9,0.032258063554763794
2015,14000US36067001000,Census Tract 10,0.01785714365541935
2015,14000US36067001400,Census Tract 14,0.1587301641702652
2015,14000US36067001500,Census Tract 15,0.16742081940174103
2015,14000US36067001600,Census Tract 16,0.12727272510528564
2015,14000US36067001701,Census Tract 17.01,0.08527132123708725
2015,14000US36067001702,Census Tract 17.02,0.0476190485060215
2015,14000US36067001800,Census Tract 18,0.03846153989434242
2015,14000US36067001900,Census Tract 19,0.013698630034923553
2015,14000US36067002000,Census Tract 20,0.11235955357551575
2015,14000US36067002101,Census Tract 21.01,0.13821138441562653
2015,14000US36067002300,Census Tract 23,0.25
2015,14000US36067002400,Census Tract 24,0.09565217047929764
2015,14000US36067002700,Census Tract 27,0.04444444552063942
2015,14000US36067002901,Census Tract 29.01,0.08955223858356476
2015,14000US36067003000,Census Tract 30,0.10576923191547394
2015,14000US36067003200,Census Tract 32,0.03999999910593033
2015,14000US36067003400,Census Tract 34,0
2015,14000US36067003500,Census Tract 35,0.0714285746216774
2015,14000US36067003601,Census Tract 36.01,0.06818182021379471
2015,14000US36067003602,Census Tract 36.02,0.04597701132297516
2015,14000US36067003800,Census Tract 38,0.1773049682378769
2015,14000US36067003900,Census Tract 39,0.20720720291137695
2015,14000US36067004000,Census Tract 40,0.1666666716337204
2015,14000US36067004200,Census Tract 42,0.0317460335791111
2015,14000US36067004301,Census Tract 43.01,0
2015,14000US36067004500,Census Tract 45,0.08620689809322357
2015,14000US36067004600,Census Tract 46,0.09090909361839294
2015,14000US36067004800,Census Tract 48,0.03030303120613098
2015,14000US36067004900,Census Tract 49,0.10204081982374191
2015,14000US36067005000,Census Tract 50,0.11999999731779099
2015,14000US36067005100,Census Tract 51,0.14173229038715363
2015,14000US36067005200,Census Tract 52,0.13934426009655
2015,14000US36067005300,Census Tract 53,0.16239316761493683
2015,14000US36067005400,Census Tract 54,0.20945945382118225
2015,14000US36067005500,Census Tract 55,0.029126213863492012
2015,14000US36067005601,Census Tract 56.01,0.0476190485060215
2015,14000US36067005700,Census Tract 57,0.14754098653793335
2015,14000US36067005800,Census Tract 58,0.17692308127880096
2015,14000US36067005900,Census Tract 59,0.14000000059604645
2015,14000US36067006000,Census Tract 60,0.0714285746216774
2015,14000US36067006101,Census Tract 61.01,0.08737864345312119
2015,14000US36067006102,Census Tract 61.02,0.03773584961891174
2015,14000US36067006103,Census Tract 61.03,0.02500000037252903
2016,14000US36067000200,Census Tract 2,0.09433962404727936
2016,14000US36067000300,Census Tract 3,0.0833333358168602
2016,14000US36067000400,Census Tract 4,0.0317460335791111
2016,14000US36067000501,Census Tract 5.01,0.164000004529953
2016,14000US36067000600,Census Tract 6,0.1106870248913765
2016,14000US36067000700,Census Tract 7,0.17592592537403107
2016,14000US36067000800,Census Tract 8,0.17874395847320557
2016,14000US36067000900,Census Tract 9,0.01587301678955555
2016,14000US36067001000,Census Tract 10,0.01834862306714058
2016,14000US36067001400,Census Tract 14,0.17133955657482147
2016,14000US36067001500,Census Tract 15,0.1617647111415863
2016,14000US36067001600,Census Tract 16,0.07017543911933899
2016,14000US36067001701,Census Tract 17.01,0.12413793057203293
2016,14000US36067001702,Census Tract 17.02,0.060975611209869385
2016,14000US36067001800,Census Tract 18,0.07692307978868484
2016,14000US36067001900,Census Tract 19,0.08510638028383255
2016,14000US36067002000,Census Tract 20,0.0602409653365612
2016,14000US36067002101,Census Tract 21.01,0.11206896603107452
2016,14000US36067002300,Census Tract 23,0.23636363446712494
2016,14000US36067002400,Census Tract 24,0.06666667014360428
2016,14000US36067002700,Census Tract 27,0.10204081982374191
2016,14000US36067002901,Census Tract 29.01,0.0833333358168602
2016,14000US36067003000,Census Tract 30,0.09677419066429138
2016,14000US36067003200,Census Tract 32,0.06896551698446274
2016,14000US36067003400,Census Tract 34,0.03030303120613098
2016,14000US36067003500,Census Tract 35,0.07000000029802322
2016,14000US36067003601,Census Tract 36.01,0.0901639312505722
2016,14000US36067003602,Census Tract 36.02,0.0833333358168602
2016,14000US36067003800,Census Tract 38,0.1746031790971756
2016,14000US36067003900,Census Tract 39,0.18095238506793976
2016,14000US36067004000,Census Tract 40,0.09090909361839294
2016,14000US36067004200,Census Tract 42,0.03703703731298447
2016,14000US36067004301,Census Tract 43.01,0.03333333507180214
2016,14000US36067004500,Census Tract 45,0.0714285746216774
2016,14000US36067004600,Census Tract 46,0.0446428582072258
2016,14000US36067004800,Census Tract 48,0
2016,14000US36067004900,Census Tract 49,0.07692307978868484
2016,14000US36067005000,Census Tract 50,0.025641025975346565
2016,14000US36067005100,Census Tract 51,0.1770833283662796
2016,14000US36067005200,Census Tract 52,0.24242424964904785
2016,14000US36067005300,Census Tract 53,0.20000000298023224
2016,14000US36067005400,Census Tract 54,0.3493150770664215
2016,14000US36067005500,Census Tract 55,0.01149425283074379
2016,14000US36067005601,Census Tract 56.01,0
2016,14000US36067005700,Census Tract 57,0.0422535203397274
2016,14000US36067005800,Census Tract 58,0.20000000298023224
2016,14000US36067005900,Census Tract 59,0.15789473056793213
2016,14000US36067006000,Census Tract 60,0.029411764815449715
2016,14000US36067006101,Census Tract 61.01,0.05797101557254791
2016,14000US36067006102,Census Tract 61.02,0.02380952425301075
2016,14000US36067006103,Census Tract 61.03,0.024390242993831635
2017,14000US36067000100,Census Tract 1,0.10000000149011612
2017,14000US36067000200,Census Tract 2,0.11170212924480438
2017,14000US36067000300,Census Tract 3,0.125
2017,14000US36067000400,Census Tract 4,0.078125
2017,14000US36067000501,Census Tract 5.01,0.08780487626791
2017,14000US36067000600,Census Tract 6,0.17424242198467255
2017,14000US36067000700,Census Tract 7,0.15306122601032257
2017,14000US36067000800,Census Tract 8,0.15697674453258514
2017,14000US36067000900,Census Tract 9,0.06578947603702545
2017,14000US36067001000,Census Tract 10,0.0258620698004961
2017,14000US36067001400,Census Tract 14,0.2014925330877304
2017,14000US36067001500,Census Tract 15,0.20187793672084808
2017,14000US36067001600,Census Tract 16,0.04477611929178238
2017,14000US36067001701,Census Tract 17.01,0.07741935551166534
2017,14000US36067001702,Census Tract 17.02,0.056179776787757874
2017,14000US36067001800,Census Tract 18,0.04285714402794838
2017,14000US36067001900,Census Tract 19,0.02150537632405758
2017,14000US36067002000,Census Tract 20,0.051948051899671555
2017,14000US36067002101,Census Tract 21.01,0.15315315127372742
2017,14000US36067002300,Census Tract 23,0.21698112785816193
2017,14000US36067002400,Census Tract 24,0.14912280440330505
2017,14000US36067002700,Census Tract 27,0.07999999821186066
2017,14000US36067002901,Census Tract 29.01,0.0694444477558136
2017,14000US36067003000,Census Tract 30,0.07920791953802109
2017,14000US36067003200,Census Tract 32,0.027027027681469917
2017,14000US36067003400,Census Tract 34,0
2017,14000US36067003500,Census Tract 35,0.06086956337094307
2017,14000US36067003601,Census Tract 36.01,0.07407407462596893
2017,14000US36067003602,Census Tract 36.02,0.11688311398029327
2017,14000US36067003800,Census Tract 38,0.2142857164144516
2017,14000US36067003900,Census Tract 39,0.1649484485387802
2017,14000US36067004000,Census Tract 40,0.0833333358168602
2017,14000US36067004200,Census Tract 42,0.012195121496915817
2017,14000US36067004301,Census Tract 43.01,0
2017,14000US36067004500,Census Tract 45,0.01886792480945587
2017,14000US36067004600,Census Tract 46,0.05882352963089943
2017,14000US36067004800,Census Tract 48,0
2017,14000US36067004900,Census Tract 49,0.12765957415103912
2017,14000US36067005000,Census Tract 50,0.0422535203397274
2017,14000US36067005100,Census Tract 51,0.20588235557079315
2017,14000US36067005200,Census Tract 52,0.1944444477558136
2017,14000US36067005300,Census Tract 53,0.06976744532585144
2017,14000US36067005400,Census Tract 54,0.24271844327449799
2017,14000US36067005500,Census Tract 55,0.020202020183205605
2017,14000US36067005601,Census Tract 56.01,0
2017,14000US36067005700,Census Tract 57,0.15217390656471252
2017,14000US36067005800,Census Tract 58,0.1621621549129486
2017,14000US36067005900,Census Tract 59,0.09638553857803345
2017,14000US36067006000,Census Tract 60,0.0533333346247673
2017,14000US36067006101,Census Tract 61.01,0.10569106042385101
2017,14000US36067006102,Census Tract 61.02,0.0714285746216774
2017,14000US36067006103,Census Tract 61.03,0.023255813866853714
2018,14000US36067000100,Census Tract 1,0.09090909361839294
2018,14000US36067000200,Census Tract 2,0.14444445073604584
2018,14000US36067000300,Census Tract 3,0.09803921729326248
2018,14000US36067000400,Census Tract 4,0.042553190141916275
2018,14000US36067000501,Census Tract 5.01,0.130952388048172
2018,14000US36067000600,Census Tract 6,0.1409090906381607
2018,14000US36067000700,Census Tract 7,0.08235294371843338
2018,14000US36067000800,Census Tract 8,0.13294798135757446
2018,14000US36067000900,Census Tract 9,0.043478261679410934
2018,14000US36067001000,Census Tract 10,0
2018,14000US36067001400,Census Tract 14,0.14720812439918518
2018,14000US36067001500,Census Tract 15,0.23626373708248138
2018,14000US36067001600,Census Tract 16,0.043478261679410934
2018,14000US36067001701,Census Tract 17.01,0.04716981202363968
2018,14000US36067001702,Census Tract 17.02,0.051948051899671555
2018,14000US36067001800,Census Tract 18,0.04285714402794838
2018,14000US36067001900,Census Tract 19,0.02298850566148758
2018,14000US36067002000,Census Tract 20,0.07594936341047287
2018,14000US36067002101,Census Tract 21.01,0.1349206417798996
2018,14000US36067002300,Census Tract 23,0.16883116960525513
2018,14000US36067002400,Census Tract 24,0.07692307978868484
2018,14000US36067002700,Census Tract 27,0.10000000149011612
2018,14000US36067002901,Census Tract 29.01,0.09615384787321091
2018,14000US36067003000,Census Tract 30,0.07228915393352509
2018,14000US36067003200,Census Tract 32,0
2018,14000US36067003400,Census Tract 34,0
2018,14000US36067003500,Census Tract 35,0.049504950642585754
2018,14000US36067003601,Census Tract 36.01,0.06122449040412903
2018,14000US36067003602,Census Tract 36.02,0.05999999865889549
2018,14000US36067003800,Census Tract 38,0.17171716690063477
2018,14000US36067003900,Census Tract 39,0.16763006150722504
2018,14000US36067004000,Census Tract 40,0.07594936341047287
2018,14000US36067004200,Census Tract 42,0.0390625
2018,14000US36067004301,Census Tract 43.01,0.0625
2018,14000US36067004500,Census Tract 45,0.0476190485060215
2018,14000US36067004600,Census Tract 46,0.01600000075995922
2018,14000US36067004800,Census Tract 48,0
2018,14000US36067004900,Census Tract 49,0.0833333358168602
2018,14000US36067005000,Census Tract 50,0.09677419066429138
2018,14000US36067005100,Census Tract 51,0.19819819927215576
2018,14000US36067005200,Census Tract 52,0.2142857164144516
2018,14000US36067005300,Census Tract 53,0.07446808367967606
2018,14000US36067005400,Census Tract 54,0.2649572789669037
2018,14000US36067005500,Census Tract 55,0.0446428582072258
2018,14000US36067005601,Census Tract 56.01,0.03846153989434242
2018,14000US36067005700,Census Tract 57,0.046875
2018,14000US36067005800,Census Tract 58,0.21495327353477478
2018,14000US36067005900,Census Tract 59,0.1325301229953766
2018,14000US36067006000,Census Tract 60,0.03614457696676254
2018,14000US36067006101,Census Tract 61.01,0.06060606241226196
2018,14000US36067006102,Census Tract 61.02,0.03448275849223137
2018,14000US36067006103,Census Tract 61.03,0.04651162773370743
2019,14000US36067000200,Census Tract 2,0.1325301229953766
2019,14000US36067000300,Census Tract 3,0.08163265138864517
2019,14000US36067000400,Census Tract 4,0.051020409911870956
2019,14000US36067000501,Census Tract 5.01,0.14074073731899261
2019,14000US36067000600,Census Tract 6,0.151162788271904
2019,14000US36067000700,Census Tract 7,0.07207207381725311
2019,14000US36067000800,Census Tract 8,0.190476194024086
2019,14000US36067000900,Census Tract 9,0.0422535203397274
2019,14000US36067001000,Census Tract 10,0.04040404036641121
2019,14000US36067001400,Census Tract 14,0.16923077404499054
2019,14000US36067001500,Census Tract 15,0.2097902148962021
2019,14000US36067001600,Census Tract 16,0.0555555559694767
2019,14000US36067001701,Census Tract 17.01,0.10752688348293304
2019,14000US36067001702,Census Tract 17.02,0.0845070406794548
2019,14000US36067001800,Census Tract 18,0
2019,14000US36067001900,Census Tract 19,0.021978022530674934
2019,14000US36067002000,Census Tract 20,0.0845070406794548
2019,14000US36067002101,Census Tract 21.01,0.1458333283662796
2019,14000US36067002300,Census Tract 23,0.18644067645072937
2019,14000US36067002400,Census Tract 24,0.10810811072587967
2019,14000US36067002700,Census Tract 27,0.15217390656471252
2019,14000US36067002901,Census Tract 29.01,0.0714285746216774
2019,14000US36067003000,Census Tract 30,0.06818182021379471
2019,14000US36067003200,Census Tract 32,0.02857142873108387
2019,14000US36067003400,Census Tract 34,0.08571428805589676
2019,14000US36067003500,Census Tract 35,0.08860759437084198
2019,14000US36067003601,Census Tract 36.01,0.02222222276031971
2019,14000US36067003602,Census Tract 36.02,0.016129031777381897
2019,14000US36067003800,Census Tract 38,0.20909090340137482
2019,14000US36067003900,Census Tract 39,0.1825396865606308
2019,14000US36067004000,Census Tract 40,0.09615384787321091
2019,14000US36067004200,Census Tract 42,0.042553190141916275
2019,14000US36067004301,Census Tract 43.01,0
2019,14000US36067004302,Census Tract 43.02,0
2019,14000US36067004500,Census Tract 45,0.036363635212183
2019,14000US36067004600,Census Tract 46,0
2019,14000US36067004800,Census Tract 48,0
2019,14000US36067004900,Census Tract 49,0.035087719559669495
2019,14000US36067005000,Census Tract 50,0.03333333507180214
2019,14000US36067005100,Census Tract 51,0.16304348409175873
2019,14000US36067005200,Census Tract 52,0.145454540848732
2019,14000US36067005300,Census Tract 53,0.125
2019,14000US36067005400,Census Tract 54,0.2601625919342041
2019,14000US36067005500,Census Tract 55,0.019999999552965164
2019,14000US36067005601,Census Tract 56.01,0.024390242993831635
2019,14000US36067005700,Census Tract 57,0.08571428805589676
2019,14000US36067005800,Census Tract 58,0.21739129722118378
2019,14000US36067005900,Census Tract 59,0.15492957830429077
2019,14000US36067006000,Census Tract 60,0.031578946858644485
2019,14000US36067006101,Census Tract 61.01,0.06060606241226196
2019,14000US36067006102,Census Tract 61.02,0.02777777798473835
2019,14000US36067006103,Census Tract 61.03,0.1111111119389534
2020,14000US36067000100,Census Tract 1,0.20000000298023224
2020,14000US36067000200,Census Tract 2,0.12056737393140793
2020,14000US36067000300,Census Tract 3,0.072727270424366
2020,14000US36067000400,Census Tract 4,0.021052632480859756
2020,14000US36067000501,Census Tract 5.01,0.08474576473236084
2020,14000US36067000600,Census Tract 6,0.17449665069580078
2020,14000US36067000700,Census Tract 7,0.08536585420370102
2020,14000US36067000800,Census Tract 8,0.10687022656202316
2020,14000US36067000900,Census Tract 9,0.06557376682758331
2020,14000US36067001000,Census Tract 10,0.012048192322254181
2020,14000US36067001400,Census Tract 14,0.1257142871618271
2020,14000US36067001500,Census Tract 15,0.20529800653457642
2020,14000US36067001600,Census Tract 16,0.02380952425301075
2020,14000US36067001701,Census Tract 17.01,0.06849315017461777
2020,14000US36067001702,Census Tract 17.02,0.025974025949835777
2020,14000US36067001800,Census Tract 18,0.03076923079788685
2020,14000US36067001900,Census Tract 19,0.011111111380159855
2020,14000US36067002000,Census Tract 20,0.06172839552164078
2020,14000US36067002101,Census Tract 21.01,0.14814814925193787
2020,14000US36067002300,Census Tract 23,0.1875
2020,14000US36067002400,Census Tract 24,0.125
2020,14000US36067002700,Census Tract 27,0.054054055362939835
2020,14000US36067002901,Census Tract 29.01,0.04651162773370743
2020,14000US36067003000,Census Tract 30,0.036363635212183
2020,14000US36067003200,Census Tract 32,0
2020,14000US36067003400,Census Tract 34,0.09090909361839294
2020,14000US36067003500,Census Tract 35,0.0694444477558136
2020,14000US36067003601,Census Tract 36.01,0.012987012974917889
2020,14000US36067003602,Census Tract 36.02,0.019999999552965164
2020,14000US36067003800,Census Tract 38,0.07352941483259201
2020,14000US36067003900,Census Tract 39,0.16260161995887756
2020,14000US36067004000,Census Tract 40,0.07246376574039459
2020,14000US36067004200,Census Tract 42,0.042553190141916275
2020,14000US36067004301,Census Tract 43.01,0
2020,14000US36067004401,Census Tract 44.01,0
2020,14000US36067004500,Census Tract 45,0.11764705926179886
2020,14000US36067004600,Census Tract 46,0
2020,14000US36067004800,Census Tract 48,0
2020,14000US36067004900,Census Tract 49,0.05999999865889549
2020,14000US36067005000,Census Tract 50,0.036363635212183
2020,14000US36067005100,Census Tract 51,0.11428571492433548
2020,14000US36067005200,Census Tract 52,0.09090909361839294
2020,14000US36067005300,Census Tract 53,0.1358024626970291
2020,14000US36067005400,Census Tract 54,0.32499998807907104
2020,14000US36067005500,Census Tract 55,0.012048192322254181
2020,14000US36067005601,Census Tract 56.01,0
2020,14000US36067005700,Census Tract 57,0.03846153989434242
2020,14000US36067005800,Census Tract 58,0.2531645596027374
2020,14000US36067005900,Census Tract 59,0.2295081913471222
2020,14000US36067006000,Census Tract 60,0.054054055362939835
2020,14000US36067006101,Census Tract 61.01,0.1265822798013687
2020,14000US36067006102,Census Tract 61.02,0
2020,14000US36067006103,Census Tract 61.03,0.06896551698446274
2020,14000US36067010100,Census Tract 101,0
2020,14000US36067010200,Census Tract 102,0.008547008968889713
2020,14000US36067010301,Census Tract 103.01,0
2020,14000US36067010321,Census Tract 103.21,0.017241379246115685
2020,14000US36067010322,Census Tract 103.22,0
2020,14000US36067010400,Census Tract 104,0.01315789483487606
2020,14000US36067010500,Census Tract 105,0
2020,14000US36067010600,Census Tract 106,0.03030303120613098
2020,14000US36067010700,Census Tract 107,0.021276595070958138
2020,14000US36067010800,Census Tract 108,0
2020,14000US36067010900,Census Tract 109,0
2020,14000US36067011011,Census Tract 110.11,0
2020,14000US36067011012,Census Tract 110.12,0.011627906933426857
2020,14000US36067011021,Census Tract 110.21,0
2020,14000US36067011022,Census Tract 110.22,0
2020,14000US36067011101,Census Tract 111.01,0.0071428571827709675
2020,14000US36067011102,Census Tract 111.02,0.009900989942252636
2020,14000US36067011201,Census Tract 112.01,0
2020,14000US36067011202,Census Tract 112.02,0
2020,14000US36067011231,Census Tract 112.31,0
2020,14000US36067011232,Census Tract 112.32,0
2020,14000US36067011241,Census Tract 112.41,0
2020,14000US36067011242,Census Tract 112.42,0
2020,14000US36067011300,Census Tract 113,0
2020,14000US36067011401,Census Tract 114.01,0
2020,14000US36067011402,Census Tract 114.02,0
2020,14000US36067011500,Census Tract 115,0
2020,14000US36067011600,Census Tract 116,0.008928571827709675
2020,14000US36067011700,Census Tract 117,0
2020,14000US36067011800,Census Tract 118,0
2020,14000US36067011900,Census Tract 119,0.012658228166401386
2020,14000US36067012000,Census Tract 120,0.0520833320915699
2020,14000US36067012100,Census Tract 121,0.010101010091602802
2020,14000US36067012200,Census Tract 122,0
2020,14000US36067012300,Census Tract 123,0
2020,14000US36067012400,Census Tract 124,0.012345679104328156
2020,14000US36067012500,Census Tract 125,0
2020,14000US36067012600,Census Tract 126,0.008695651777088642
2020,14000US36067012700,Census Tract 127,0
2020,14000US36067012800,Census Tract 128,0.03030303120613098
2020,14000US36067012900,Census Tract 129,0
2020,14000US36067013000,Census Tract 130,0.021276595070958138
2020,14000US36067013100,Census Tract 131,0
2020,14000US36067013200,Census Tract 132,0
2020,14000US36067013300,Census Tract 133,0.021739130839705467
2020,14000US36067013400,Census Tract 134,0
2020,14000US36067013500,Census Tract 135,0.010309278033673763
2020,14000US36067013600,Census Tract 136,0
2020,14000US36067013701,Census Tract 137.01,0.009345794096589088
2020,14000US36067013800,Census Tract 138,0
2020,14000US36067013900,Census Tract 139,0
2020,14000US36067014000,Census Tract 140,0.02298850566148758
2020,14000US36067014200,Census Tract 142,0.023255813866853714
2020,14000US36067014300,Census Tract 143,0.02500000037252903
2020,14000US36067014400,Census Tract 144,0.01923076994717121
2020,14000US36067014500,Census Tract 145,0.011904762126505375
2020,14000US36067014600,Census Tract 146,0
2020,14000US36067014700,Census Tract 147,0
2020,14000US36067014800,Census Tract 148,0
2020,14000US36067014900,Census Tract 149,0
2020,14000US36067015000,Census Tract 150,0
2020,14000US36067015100,Census Tract 151,0
2020,14000US36067015201,Census Tract 152.01,0.01587301678955555
2020,14000US36067015202,Census Tract 152.02,0
2020,14000US36067015203,Census Tract 152.03,0
2020,14000US36067015400,Census Tract 154,0.009345794096589088
2020,14000US36067015500,Census Tract 155,0
2020,14000US36067015601,Census Tract 156.01,0.04878048598766327
2020,14000US36067015602,Census Tract 156.02,0.0476190485060215
2020,14000US36067015701,Census Tract 157.01,0
2020,14000US36067015702,Census Tract 157.02,0
2020,14000US36067015800,Census Tract 158,0.014084506779909134
2020,14000US36067016001,Census Tract 160.01,0
2020,14000US36067016002,Census Tract 160.02,0.02380952425301075
2020,14000US36067016100,Census Tract 161,0
2020,14000US36067016200,Census Tract 162,0
2020,14000US36067016300,Census Tract 163,0
2020,14000US36067016400,Census Tract 164,0
2020,14000US36067016501,Census Tract 165.01,0
2020,14000US36067016502,Census Tract 165.02,0
2020,14000US36067016600,Census Tract 166,0.01587301678955555
2020,14000US36067016700,Census Tract 167,0
2020,14000US36067016801,Census Tract 168.01,0.04545454680919647
2020,14000US36067016802,Census Tract 168.02,0.02777777798473835
2020,14000US36067016901,Census Tract 169.01,0
2020,14000US36067016902,Census Tract 169.02,0.03030303120613098
2021,14000US36067000100,Census Tract 1,0
2021,14000US36067000200,Census Tract 2,0.262773722410202
2021,14000US36067000300,Census Tract 3,0.03999999910593033
2021,14000US36067000400,Census Tract 4,0.08988764137029648
2021,14000US36067000501,Census Tract 5.01,0.1505376398563385
2021,14000US36067000600,Census Tract 6,0.12328767031431198
2021,14000US36067000700,Census Tract 7,0.11999999731779099
2021,14000US36067000800,Census Tract 8,0.12244898080825806
2021,14000US36067000900,Census Tract 9,0.0181818176060915
2021,14000US36067001000,Census Tract 10,0.011904762126505375
2021,14000US36067001400,Census Tract 14,0.16860465705394745
2021,14000US36067001500,Census Tract 15,0.21014492213726044
2021,14000US36067001600,Census Tract 16,0.05714285746216774
2021,14000US36067001701,Census Tract 17.01,0.08695652335882187
2021,14000US36067001702,Census Tract 17.02,0.06557376682758331
2021,14000US36067001800,Census Tract 18,0.09433962404727936
2021,14000US36067001900,Census Tract 19,0.011363636702299118
2021,14000US36067002000,Census Tract 20,0.07407407462596893
2021,14000US36067002101,Census Tract 21.01,0.1034482792019844
2021,14000US36067002300,Census Tract 23,0.17499999701976776
2021,14000US36067002400,Census Tract 24,0.09677419066429138
2021,14000US36067002700,Census Tract 27,0.10526315867900848
2021,14000US36067002901,Census Tract 29.01,0
2021,14000US36067003000,Census Tract 30,0.04545454680919647
2021,14000US36067003200,Census Tract 32,0.01923076994717121
2021,14000US36067003400,Census Tract 34,0.06896551698446274
2021,14000US36067003500,Census Tract 35,0.09375
2021,14000US36067003601,Census Tract 36.01,0.0746268630027771
2021,14000US36067003602,Census Tract 36.02,0.021276595070958138
2021,14000US36067003800,Census Tract 38,0.15000000596046448
2021,14000US36067003900,Census Tract 39,0.15740740299224854
2021,14000US36067004000,Census Tract 40,0.09677419066429138
2021,14000US36067004200,Census Tract 42,0.022727273404598236
2021,14000US36067004301,Census Tract 43.01,0.05263157933950424
2021,14000US36067004401,Census Tract 44.01,0.02857142873108387
2021,14000US36067004500,Census Tract 45,0
2021,14000US36067004600,Census Tract 46,0.03703703731298447
2021,14000US36067004800,Census Tract 48,0.0714285746216774
2021,14000US36067004900,Census Tract 49,0.1627907007932663
2021,14000US36067005000,Census Tract 50,0.040816325694322586
2021,14000US36067005100,Census Tract 51,0.10588235408067703
2021,14000US36067005200,Census Tract 52,0.1746031790971756
2021,14000US36067005300,Census Tract 53,0.10447761416435242
2021,14000US36067005400,Census Tract 54,0.2857142984867096
2021,14000US36067005500,Census Tract 55,0.05714285746216774
2021,14000US36067005601,Census Tract 56.01,0.02777777798473835
2021,14000US36067005700,Census Tract 57,0.03921568766236305
2021,14000US36067005800,Census Tract 58,0.16091954708099365
2021,14000US36067005900,Census Tract 59,0.35087719559669495
2021,14000US36067006000,Census Tract 60,0.04494382068514824
2021,14000US36067006101,Census Tract 61.01,0.09195402264595032
2021,14000US36067006102,Census Tract 61.02,0.04651162773370743
2021,14000US36067006103,Census Tract 61.03,0.04444444552063942
2021,14000US36067010100,Census Tract 101,0
2021,14000US36067010200,Census Tract 102,0.013333333656191826
2021,14000US36067010301,Census Tract 103.01,0
2021,14000US36067010321,Census Tract 103.21,0
2021,14000US36067010322,Census Tract 103.22,0
2021,14000US36067010400,Census Tract 104,0
2021,14000US36067010500,Census Tract 105,0
2021,14000US36067010600,Census Tract 106,0
2021,14000US36067010700,Census Tract 107,0
2021,14000US36067010800,Census Tract 108,0.012820512987673283
2021,14000US36067010900,Census Tract 109,0
2021,14000US36067011011,Census Tract 110.11,0
2021,14000US36067011012,Census Tract 110.12,0.012987012974917889
2021,14000US36067011021,Census Tract 110.21,0
2021,14000US36067011022,Census Tract 110.22,0
2021,14000US36067011101,Census Tract 111.01,0.00917431153357029
2021,14000US36067011102,Census Tract 111.02,0.020202020183205605
2021,14000US36067011201,Census Tract 112.01,0
2021,14000US36067011202,Census Tract 112.02,0
2021,14000US36067011231,Census Tract 112.31,0.02298850566148758
2021,14000US36067011232,Census Tract 112.32,0
2021,14000US36067011241,Census Tract 112.41,0
2021,14000US36067011242,Census Tract 112.42,0
2021,14000US36067011300,Census Tract 113,0
2021,14000US36067011401,Census Tract 114.01,0
2021,14000US36067011402,Census Tract 114.02,0.03125
2021,14000US36067011500,Census Tract 115,0
2021,14000US36067011600,Census Tract 116,0.02150537632405758
2021,14000US36067011700,Census Tract 117,0
2021,14000US36067011800,Census Tract 118,0.009523809887468815
2021,14000US36067011900,Census Tract 119,0.03076923079788685
2021,14000US36067012000,Census Tract 120,0.024390242993831635
2021,14000US36067012100,Census Tract 121,0
2021,14000US36067012200,Census Tract 122,0
2021,14000US36067012300,Census Tract 123,0
2021,14000US36067012400,Census Tract 124,0
2021,14000US36067012500,Census Tract 125,0
2021,14000US36067012600,Census Tract 126,0
2021,14000US36067012700,Census Tract 127,0
2021,14000US36067012800,Census Tract 128,0
2021,14000US36067012900,Census Tract 129,0.0476190485060215
2021,14000US36067013000,Census Tract 130,0
2021,14000US36067013100,Census Tract 131,0
2021,14000US36067013200,Census Tract 132,0
2021,14000US36067013300,Census Tract 133,0.025641025975346565
2021,14000US36067013400,Census Tract 134,0
2021,14000US36067013500,Census Tract 135,0
2021,14000US36067013600,Census Tract 136,0
2021,14000US36067013701,Census Tract 137.01,0
2021,14000US36067013800,Census Tract 138,0
2021,14000US36067013900,Census Tract 139,0
2021,14000US36067014000,Census Tract 140,0.056338027119636536
2021,14000US36067014200,Census Tract 142,0.02222222276031971
2021,14000US36067014300,Census Tract 143,0.05797101557254791
2021,14000US36067014400,Census Tract 144,0.016949152573943138
2021,14000US36067014500,Census Tract 145,0.0416666679084301
2021,14000US36067014600,Census Tract 146,0.01315789483487606
2021,14000US36067014700,Census Tract 147,0
2021,14000US36067014800,Census Tract 148,0
2021,14000US36067014900,Census Tract 149,0
2021,14000US36067015000,Census Tract 150,0
2021,14000US36067015100,Census Tract 151,0.014084506779909134
2021,14000US36067015201,Census Tract 152.01,0
2021,14000US36067015202,Census Tract 152.02,0
2021,14000US36067015203,Census Tract 152.03,0
2021,14000US36067015400,Census Tract 154,0
2021,14000US36067015500,Census Tract 155,0
2021,14000US36067015601,Census Tract 156.01,0.03448275849223137
2021,14000US36067015602,Census Tract 156.02,0
2021,14000US36067015701,Census Tract 157.01,0
2021,14000US36067015702,Census Tract 157.02,0
2021,14000US36067015800,Census Tract 158,0
2021,14000US36067016001,Census Tract 160.01,0
2021,14000US36067016002,Census Tract 160.02,0
2021,14000US36067016100,Census Tract 161,0
2021,14000US36067016200,Census Tract 162,0.01886792480945587
2021,14000US36067016300,Census Tract 163,0.010638297535479069
2021,14000US36067016400,Census Tract 164,0
2021,14000US36067016501,Census Tract 165.01,0
2021,14000US36067016502,Census Tract 165.02,0.01886792480945587
2021,14000US36067016600,Census Tract 166,0.01886792480945587
2021,14000US36067016700,Census Tract 167,0
2021,14000US36067016801,Census Tract 168.01,0
2021,14000US36067016802,Census Tract 168.02,0
2021,14000US36067016901,Census Tract 169.01,0
2021,14000US36067016902,Census Tract 169.02,0.05882352963089943
2021,14000US36067940000,Census Tract 9400,0
2022,14000US36067000100,Census Tract 1,0
2022,14000US36067000200,Census Tract 2,0.15675675868988037
2022,14000US36067000300,Census Tract 3,0.021739130839705467
2022,14000US36067000400,Census Tract 4,0.061403509229421616
2022,14000US36067000501,Census Tract 5.01,0.17777778208255768
2022,14000US36067000600,Census Tract 6,0.16577540338039398
2022,14000US36067000700,Census Tract 7,0.08860759437084198
2022,14000US36067000800,Census Tract 8,0.1349693238735199
2022,14000US36067000900,Census Tract 9,0.07042253762483597
2022,14000US36067001000,Census Tract 10,0.06521739065647125
2022,14000US36067001400,Census Tract 14,0.16363635659217834
2022,14000US36067001500,Census Tract 15,0.15789473056793213
2022,14000US36067001600,Census Tract 16,0.022727273404598236
2022,14000US36067001701,Census Tract 17.01,0.17045454680919647
2022,14000US36067001702,Census Tract 17.02,0.12280701845884323
2022,14000US36067001800,Census Tract 18,0.12121212482452393
2022,14000US36067001900,Census Tract 19,0.0235294122248888
2022,14000US36067002000,Census Tract 20,0.13793103396892548
2022,14000US36067002101,Census Tract 21.01,0.10256410390138626
2022,14000US36067002300,Census Tract 23,0.2631579041481018
2022,14000US36067002400,Census Tract 24,0.1428571492433548
2022,14000US36067002700,Census Tract 27,0.1304347813129425
2022,14000US36067002901,Census Tract 29.01,0
2022,14000US36067003000,Census Tract 30,0.07692307978868484
2022,14000US36067003200,Census Tract 32,0
2022,14000US36067003400,Census Tract 34,0.10000000149011612
2022,14000US36067003500,Census Tract 35,0.032786883413791656
2022,14000US36067003601,Census Tract 36.01,0.04938271641731262
2022,14000US36067003602,Census Tract 36.02,0.12244898080825806
2022,14000US36067003800,Census Tract 38,0.190476194024086
2022,14000US36067003900,Census Tract 39,0.1315789520740509
2022,14000US36067004000,Census Tract 40,0.1111111119389534
2022,14000US36067004200,Census Tract 42,0.051020409911870956
2022,14000US36067004401,Census Tract 44.01,0.07894736528396606
2022,14000US36067004500,Census Tract 45,0.05263157933950424
2022,14000US36067004600,Census Tract 46,0.013333333656191826
2022,14000US36067004800,Census Tract 48,0.0625
2022,14000US36067004900,Census Tract 49,0.13333334028720856
2022,14000US36067005000,Census Tract 50,0.05000000074505806
2022,14000US36067005100,Census Tract 51,0.08641975373029709
2022,14000US36067005200,Census Tract 52,0.1860465109348297
2022,14000US36067005300,Census Tract 53,0.14000000059604645
2022,14000US36067005400,Census Tract 54,0.26530611515045166
2022,14000US36067005500,Census Tract 55,0.010101010091602802
2022,14000US36067005601,Census Tract 56.01,0
2022,14000US36067005700,Census Tract 57,0.01923076994717121
2022,14000US36067005800,Census Tract 58,0.20512820780277252
2022,14000US36067005900,Census Tract 59,0.1617647111415863
2022,14000US36067006000,Census Tract 60,0.04545454680919647
2022,14000US36067006101,Census Tract 61.01,0.10476190596818924
2022,14000US36067006102,Census Tract 61.02,0.02222222276031971
2022,14000US36067006103,Census Tract 61.03,0.125
2022,14000US36067010100,Census Tract 101,0
2022,14000US36067010200,Census Tract 102,0.009345794096589088
2022,14000US36067010301,Census Tract 103.01,0
2022,14000US36067010321,Census Tract 103.21,0
2022,14000US36067010322,Census Tract 103.22,0
2022,14000US36067010400,Census Tract 104,0
2022,14000US36067010500,Census Tract 105,0
2022,14000US36067010600,Census Tract 106,0
2022,14000US36067010700,Census Tract 107,0
2022,14000US36067010800,Census Tract 108,0.014084506779909134
2022,14000US36067010900,Census Tract 109,0
2022,14000US36067011011,Census Tract 110.11,0
2022,14000US36067011012,Census Tract 110.12,0.010638297535479069
2022,14000US36067011021,Census Tract 110.21,0
2022,14000US36067011022,Census Tract 110.22,0
2022,14000US36067011101,Census Tract 111.01,0.00826446246355772
2022,14000US36067011102,Census Tract 111.02,0.018691588193178177
2022,14000US36067011201,Census Tract 112.01,0
2022,14000US36067011202,Census Tract 112.02,0.013888888992369175
2022,14000US36067011231,Census Tract 112.31,0.007936508394777775
2022,14000US36067011232,Census Tract 112.32,0
2022,14000US36067011241,Census Tract 112.41,0
2022,14000US36067011242,Census Tract 112.42,0.007633587811142206
2022,14000US36067011300,Census Tract 113,0
2022,14000US36067011401,Census Tract 114.01,0
2022,14000US36067011402,Census Tract 114.02,0
2022,14000US36067011500,Census Tract 115,0
2022,14000US36067011600,Census Tract 116,0.029999999329447746
2022,14000US36067011700,Census Tract 117,0.037974681705236435
2022,14000US36067011800,Census Tract 118,0
2022,14000US36067011900,Census Tract 119,0.024390242993831635
2022,14000US36067012000,Census Tract 120,0
2022,14000US36067012100,Census Tract 121,0
2022,14000US36067012200,Census Tract 122,0.05000000074505806
2022,14000US36067012300,Census Tract 123,0
2022,14000US36067012400,Census Tract 124,0
2022,14000US36067012500,Census Tract 125,0
2022,14000US36067012600,Census Tract 126,0.009999999776482582
2022,14000US36067012700,Census Tract 127,0
2022,14000US36067012800,Census Tract 128,0
2022,14000US36067012900,Census Tract 129,0.0535714291036129
2022,14000US36067013000,Census Tract 130,0.012345679104328156
2022,14000US36067013100,Census Tract 131,0
2022,14000US36067013200,Census Tract 132,0
2022,14000US36067013300,Census Tract 133,0.02777777798473835
2022,14000US36067013400,Census Tract 134,0
2022,14000US36067013500,Census Tract 135,0.010989011265337467
2022,14000US36067013600,Census Tract 136,0
2022,14000US36067013701,Census Tract 137.01,0.021978022530674934
2022,14000US36067013800,Census Tract 138,0
2022,14000US36067013900,Census Tract 139,0.017543859779834747
2022,14000US36067014000,Census Tract 140,0.03999999910593033
2022,14000US36067014200,Census Tract 142,0.02500000037252903
2022,14000US36067014300,Census Tract 143,0.02985074557363987
2022,14000US36067014400,Census Tract 144,0.018518518656492233
2022,14000US36067014500,Census Tract 145,0.03703703731298447
2022,14000US36067014600,Census Tract 146,0.012500000186264515
2022,14000US36067014700,Census Tract 147,0
2022,14000US36067014800,Census Tract 148,0.021739130839705467
2022,14000US36067014900,Census Tract 149,0
2022,14000US36067015000,Census Tract 150,0
2022,14000US36067015100,Census Tract 151,0.027397260069847107
2022,14000US36067015201,Census Tract 152.01,0
2022,14000US36067015202,Census Tract 152.02,0.013698630034923553
2022,14000US36067015203,Census Tract 152.03,0
2022,14000US36067015400,Census Tract 154,0.019801979884505272
2022,14000US36067015500,Census Tract 155,0
2022,14000US36067015601,Census Tract 156.01,0.03846153989434242
2022,14000US36067015602,Census Tract 156.02,0.05263157933950424
2022,14000US36067015701,Census Tract 157.01,0
2022,14000US36067015702,Census Tract 157.02,0
2022,14000US36067015800,Census Tract 158,0
2022,14000US36067016001,Census Tract 160.01,0
2022,14000US36067016002,Census Tract 160.02,0
2022,14000US36067016100,Census Tract 161,0
2022,14000US36067016200,Census Tract 162,0
2022,14000US36067016300,Census Tract 163,0.008130080997943878
2022,14000US36067016400,Census Tract 164,0.01315789483487606
2022,14000US36067016501,Census Tract 165.01,0
2022,14000US36067016502,Census Tract 165.02,0
2022,14000US36067016600,Census Tract 166,0.033898305147886276
2022,14000US36067016700,Census Tract 167,0
2022,14000US36067016801,Census Tract 168.01,0
2022,14000US36067016802,Census Tract 168.02,0
2022,14000US36067016901,Census Tract 169.01,0
2022,14000US36067016902,Census Tract 169.02,0
2022,14000US36067940000,Census Tract 9400,0
2023,14000US36067000200,Census Tract 2,0.12432432174682617
2023,14000US36067000300,Census Tract 3,0.06666667014360428
2023,14000US36067000400,Census Tract 4,0.036764707416296005
2023,14000US36067000501,Census Tract 5.01,0.11409395933151245
2023,14000US36067000600,Census Tract 6,0.1428571492433548
2023,14000US36067000700,Census Tract 7,0.01149425283074379
2023,14000US36067000800,Census Tract 8,0.1352941244840622
2023,14000US36067000900,Census Tract 9,0.01315789483487606
2023,14000US36067001000,Census Tract 10,0.08235294371843338
2023,14000US36067001400,Census Tract 14,0.12204724550247192
2023,14000US36067001500,Census Tract 15,0.1818181872367859
2023,14000US36067001600,Census Tract 16,0.029411764815449715
2023,14000US36067001701,Census Tract 17.01,0.11224489659070969
2023,14000US36067001702,Census Tract 17.02,0.07792207598686218
2023,14000US36067001800,Census Tract 18,0.11864406615495682
2023,14000US36067001900,Census Tract 19,0.011904762126505375
2023,14000US36067002000,Census Tract 20,0.08737864345312119
2023,14000US36067002101,Census Tract 21.01,0.06741572916507721
2023,14000US36067002300,Census Tract 23,0.13114753365516663
2023,14000US36067002400,Census Tract 24,0.16438356041908264
2023,14000US36067002700,Census Tract 27,0.2222222238779068
2023,14000US36067002901,Census Tract 29.01,0.02631578966975212
2023,14000US36067003000,Census Tract 30,0.08620689809322357
2023,14000US36067003200,Census Tract 32,0.029411764815449715
2023,14000US36067003400,Census Tract 34,0.03846153989434242
2023,14000US36067003500,Census Tract 35,0.019999999552965164
2023,14000US36067003601,Census Tract 36.01,0.056179776787757874
2023,14000US36067003602,Census Tract 36.02,0.0972222238779068
2023,14000US36067003800,Census Tract 38,0.078125
2023,14000US36067003900,Census Tract 39,0.1650485396385193
2023,14000US36067004000,Census Tract 40,0.1690140813589096
2023,14000US36067004200,Census Tract 42,0.03669724613428116
2023,14000US36067004301,Census Tract 43.01,0.0625
2023,14000US36067004401,Census Tract 44.01,0.07894736528396606
2023,14000US36067004500,Census Tract 45,0
2023,14000US36067004600,Census Tract 46,0.032608695328235626
2023,14000US36067004800,Census Tract 48,0.05263157933950424
2023,14000US36067004900,Census Tract 49,0.09090909361839294
2023,14000US36067005000,Census Tract 50,0.0793650820851326
2023,14000US36067005100,Census Tract 51,0.13414634764194489
2023,14000US36067005200,Census Tract 52,0.11864406615495682
2023,14000US36067005300,Census Tract 53,0.08163265138864517
2023,14000US36067005400,Census Tract 54,0.11016949266195297
2023,14000US36067005500,Census Tract 55,0.009999999776482582
2023,14000US36067005601,Census Tract 56.01,0
2023,14000US36067005700,Census Tract 57,0.02222222276031971
2023,14000US36067005800,Census Tract 58,0.1875
2023,14000US36067005900,Census Tract 59,0.11594203114509583
2023,14000US36067006000,Census Tract 60,0.08602150529623032
2023,14000US36067006101,Census Tract 61.01,0.05747126415371895
2023,14000US36067006102,Census Tract 61.02,0
2023,14000US36067006103,Census Tract 61.03,0.09302325546741486
2023,14000US36067010100,Census Tract 101,0
2023,14000US36067010200,Census Tract 102,0.010204081423580647
2023,14000US36067010301,Census Tract 103.01,0
2023,14000US36067010321,Census Tract 103.21,0
2023,14000US36067010322,Census Tract 103.22,0
2023,14000US36067010400,Census Tract 104,0
2023,14000US36067010500,Census Tract 105,0
2023,14000US36067010600,Census Tract 106,0.024390242993831635
2023,14000US36067010700,Census Tract 107,0
2023,14000US36067010800,Census Tract 108,0.046296294778585434
2023,14000US36067010900,Census Tract 109,0
2023,14000US36067011011,Census Tract 110.11,0
2023,14000US36067011012,Census Tract 110.12,0
2023,14000US36067011021,Census Tract 110.21,0.01515151560306549
2023,14000US36067011022,Census Tract 110.22,0.016949152573943138
2023,14000US36067011101,Census Tract 111.01,0
2023,14000US36067011102,Census Tract 111.02,0.009900989942252636
2023,14000US36067011201,Census Tract 112.01,0.0117647061124444
2023,14000US36067011202,Census Tract 112.02,0
2023,14000US36067011231,Census Tract 112.31,0
2023,14000US36067011232,Census Tract 112.32,0.012820512987673283
2023,14000US36067011241,Census Tract 112.41,0
2023,14000US36067011242,Census Tract 112.42,0
2023,14000US36067011300,Census Tract 113,0.012987012974917889
2023,14000US36067011401,Census Tract 114.01,0
2023,14000US36067011402,Census Tract 114.02,0
2023,14000US36067011500,Census Tract 115,0
2023,14000US36067011600,Census Tract 116,0.017699114978313446
2023,14000US36067011700,Census Tract 117,0
2023,14000US36067011800,Census Tract 118,0
2023,14000US36067011900,Census Tract 119,0.04054053872823715
2023,14000US36067012000,Census Tract 120,0.012658228166401386
2023,14000US36067012100,Census Tract 121,0
2023,14000US36067012200,Census Tract 122,0.03846153989434242
2023,14000US36067012300,Census Tract 123,0
2023,14000US36067012400,Census Tract 124,0.0117647061124444
2023,14000US36067012500,Census Tract 125,0.014285714365541935
2023,14000US36067012600,Census Tract 126,0.009900989942252636
2023,14000US36067012700,Census Tract 127,0
2023,14000US36067012800,Census Tract 128,0
2023,14000US36067012900,Census Tract 129,0.03333333507180214
2023,14000US36067013000,Census Tract 130,0
2023,14000US36067013100,Census Tract 131,0
2023,14000US36067013200,Census Tract 132,0.021739130839705467
2023,14000US36067013300,Census Tract 133,0.021739130839705467
2023,14000US36067013400,Census Tract 134,0.010526316240429878
2023,14000US36067013500,Census Tract 135,0
2023,14000US36067013600,Census Tract 136,0
2023,14000US36067013701,Census Tract 137.01,0.029702970758080482
2023,14000US36067013800,Census Tract 138,0
2023,14000US36067013900,Census Tract 139,0
2023,14000US36067014000,Census Tract 140,0.010526316240429878
2023,14000US36067014200,Census Tract 142,0.04494382068514824
2023,14000US36067014300,Census Tract 143,0.01315789483487606
2023,14000US36067014400,Census Tract 144,0.029411764815449715
2023,14000US36067014500,Census Tract 145,0.013698630034923553
2023,14000US36067014600,Census Tract 146,0
2023,14000US36067014700,Census Tract 147,0.010638297535479069
2023,14000US36067014800,Census Tract 148,0.018518518656492233
2023,14000US36067014900,Census Tract 149,0.02777777798473835
2023,14000US36067015000,Census Tract 150,0
2023,14000US36067015100,Census Tract 151,0
2023,14000US36067015201,Census Tract 152.01,0
2023,14000US36067015202,Census Tract 152.02,0
2023,14000US36067015203,Census Tract 152.03,0
2023,14000US36067015400,Census Tract 154,0.027027027681469917
2023,14000US36067015500,Census Tract 155,0
2023,14000US36067015601,Census Tract 156.01,0.043478261679410934
2023,14000US36067015602,Census Tract 156.02,0
2023,14000US36067015701,Census Tract 157.01,0
2023,14000US36067015702,Census Tract 157.02,0
2023,14000US36067015800,Census Tract 158,0
2023,14000US36067016001,Census Tract 160.01,0
2023,14000US36067016002,Census Tract 160.02,0
2023,14000US36067016100,Census Tract 161,0
2023,14000US36067016200,Census Tract 162,0.04444444552063942
2023,14000US36067016300,Census Tract 163,0.0071428571827709675
2023,14000US36067016400,Census Tract 164,0.012820512987673283
2023,14000US36067016501,Census Tract 165.01,0
2023,14000US36067016502,Census Tract 165.02,0
2023,14000US36067016600,Census Tract 166,0.01587301678955555
2023,14000US36067016700,Census Tract 167,0
2023,14000US36067016801,Census Tract 168.01,0.03999999910593033
2023,14000US36067016802,Census Tract 168.02,0
2023,14000US36067016901,Census Tract 169.01,0.02777777798473835
2023,14000US36067016902,Census Tract 169.02,0.0476190485060215
2023,14000US36067940000,Census Tract 9400,0.05263157933950424
2024,14000US36067000200,Census Tract 2,0.13615024089813232
2024,14000US36067000300,Census Tract 3,0.03999999910593033
2024,14000US36067000400,Census Tract 4,0.04109589010477066
2024,14000US36067000501,Census Tract 5.01,0.1463414579629898
2024,14000US36067000600,Census Tract 6,0.15884476900100708
2024,14000US36067000700,Census Tract 7,0.10294117778539658
2024,14000US36067000800,Census Tract 8,0.12142857164144516
2024,14000US36067000900,Census Tract 9,0.03999999910593033
2024,14000US36067001000,Census Tract 10,0.031578946858644485
2024,14000US36067001400,Census Tract 14,0.11447811126708984
2024,14000US36067001500,Census Tract 15,0.1879432648420334
2024,14000US36067001600,Census Tract 16,0.1111111119389534
2024,14000US36067001701,Census Tract 17.01,0.07086614519357681
2024,14000US36067001702,Census Tract 17.02,0.06818182021379471
2024,14000US36067001800,Census Tract 18,0.11864406615495682
2024,14000US36067001900,Census Tract 19,0.009708737954497337
2024,14000US36067002000,Census Tract 20,0.03846153989434242
2024,14000US36067002101,Census Tract 21.01,0.07692307978868484
2024,14000US36067002300,Census Tract 23,0.18292683362960815
2024,14000US36067002400,Census Tract 24,0.03030303120613098
2024,14000US36067002700,Census Tract 27,0.09090909361839294
2024,14000US36067002901,Census Tract 29.01,0.06382978707551956
2024,14000US36067003000,Census Tract 30,0.05970149114727974
2024,14000US36067003200,Census Tract 32,0
2024,14000US36067003400,Census Tract 34,0.0625
2024,14000US36067003500,Census Tract 35,0.029411764815449715
2024,14000US36067003601,Census Tract 36.01,0.01075268816202879
2024,14000US36067003602,Census Tract 36.02,0.029411764815449715
2024,14000US36067003800,Census Tract 38,0.10091742873191833
2024,14000US36067003900,Census Tract 39,0.1267605572938919
2024,14000US36067004000,Census Tract 40,0.20338982343673706
2024,14000US36067004200,Census Tract 42,0.0520833320915699
2024,14000US36067004301,Census Tract 43.01,0
2024,14000US36067004401,Census Tract 44.01,0.08695652335882187
2024,14000US36067004500,Census Tract 45,0.11428571492433548
2024,14000US36067004600,Census Tract 46,0.07865168899297714
2024,14000US36067004800,Census Tract 48,0
2024,14000US36067004900,Census Tract 49,0.1090909093618393
2024,14000US36067005000,Census Tract 50,0.1071428582072258
2024,14000US36067005100,Census Tract 51,0.10576923191547394
2024,14000US36067005200,Census Tract 52,0.12765957415103912
2024,14000US36067005300,Census Tract 53,0.05714285746216774
2024,14000US36067005400,Census Tract 54,0.13513512909412384
2024,14000US36067005500,Census Tract 55,0.008771929889917374
2024,14000US36067005601,Census Tract 56.01,0
2024,14000US36067005700,Census Tract 57,0.10000000149011612
2024,14000US36067005800,Census Tract 58,0.1517857164144516
2024,14000US36067005900,Census Tract 59,0.07999999821186066
2024,14000US36067006000,Census Tract 60,0.032967034727334976
2024,14000US36067006101,Census Tract 61.01,0.03333333507180214
2024,14000US36067006102,Census Tract 61.02,0.05000000074505806
2024,14000US36067006103,Census Tract 61.03,0.0357142873108387
2024,14000US36067010100,Census Tract 101,0.021739130839705467
2024,14000US36067010200,Census Tract 102,0.02083333395421505
2024,14000US36067010301,Census Tract 103.01,0
2024,14000US36067010321,Census Tract 103.21,0
2024,14000US36067010322,Census Tract 103.22,0
2024,14000US36067010400,Census Tract 104,0.054794520139694214
2024,14000US36067010500,Census Tract 105,0
2024,14000US36067010600,Census Tract 106,0
2024,14000US36067010700,Census Tract 107,0.03333333507180214
2024,14000US36067010800,Census Tract 108,0.012048192322254181
2024,14000US36067010900,Census Tract 109,0
2024,14000US36067011011,Census Tract 110.11,0
2024,14000US36067011012,Census Tract 110.12,0.03125
2024,14000US36067011021,Census Tract 110.21,0
2024,14000US36067011022,Census Tract 110.22,0
2024,14000US36067011101,Census Tract 111.01,0
2024,14000US36067011102,Census Tract 111.02,0
2024,14000US36067011201,Census Tract 112.01,0
2024,14000US36067011202,Census Tract 112.02,0
2024,14000US36067011231,Census Tract 112.31,0
2024,14000US36067011232,Census Tract 112.32,0
2024,14000US36067011241,Census Tract 112.41,0
2024,14000US36067011242,Census Tract 112.42,0.007751937955617905
2024,14000US36067011300,Census Tract 113,0
2024,14000US36067011401,Census Tract 114.01,0.01904761977493763
2024,14000US36067011402,Census Tract 114.02,0
2024,14000US36067011500,Census Tract 115,0
2024,14000US36067011600,Census Tract 116,0
2024,14000US36067011700,Census Tract 117,0
2024,14000US36067011800,Census Tract 118,0
2024,14000US36067011900,Census Tract 119,0.03614457696676254
2024,14000US36067012000,Census Tract 120,0
2024,14000US36067012100,Census Tract 121,0
2024,14000US36067012200,Census Tract 122,0.03846153989434242
2024,14000US36067012300,Census Tract 123,0
2024,14000US36067012400,Census Tract 124,0.011904762126505375
2024,14000US36067012500,Census Tract 125,0
2024,14000US36067012600,Census Tract 126,0
2024,14000US36067012700,Census Tract 127,0
2024,14000US36067012800,Census Tract 128,0
2024,14000US36067012900,Census Tract 129,0.0422535203397274
2024,14000US36067013000,Census Tract 130,0.010869565419852734
2024,14000US36067013100,Census Tract 131,0
2024,14000US36067013200,Census Tract 132,0.021276595070958138
2024,14000US36067013300,Census Tract 133,0
2024,14000US36067013400,Census Tract 134,0
2024,14000US36067013500,Census Tract 135,0
2024,14000US36067013600,Census Tract 136,0.012658228166401386
2024,14000US36067013701,Census Tract 137.01,0.07692307978868484
2024,14000US36067013800,Census Tract 138,0
2024,14000US36067013900,Census Tract 139,0
2024,14000US36067014000,Census Tract 140,0.022727273404598236
2024,14000US36067014200,Census Tract 142,0.0235294122248888
2024,14000US36067014300,Census Tract 143,0.04878048598766327
2024,14000US36067014400,Census Tract 144,0
2024,14000US36067014500,Census Tract 145,0
2024,14000US36067014600,Census Tract 146,0
2024,14000US36067014700,Census Tract 147,0
2024,14000US36067014800,Census Tract 148,0
2024,14000US36067014900,Census Tract 149,0
2024,14000US36067015000,Census Tract 150,0
2024,14000US36067015100,Census Tract 151,0
2024,14000US36067015201,Census Tract 152.01,0
2024,14000US36067015202,Census Tract 152.02,0
2024,14000US36067015203,Census Tract 152.03,0
2024,14000US36067015400,Census Tract 154,0.019417475908994675
2024,14000US36067015500,Census Tract 155,0
2024,14000US36067015601,Census Tract 156.01,0
2024,14000US36067015602,Census Tract 156.02,0
2024,14000US36067015701,Census Tract 157.01,0
2024,14000US36067015702,Census Tract 157.02,0
2024,14000US36067015800,Census Tract 158,0
2024,14000US36067016001,Census Tract 160.01,0
2024,14000US36067016002,Census Tract 160.02,0
2024,14000US36067016100,Census Tract 161,0.02500000037252903
2024,14000US36067016200,Census Tract 162,0.09756097197532654
2024,14000US36067016300,Census Tract 163,0
2024,14000US36067016400,Census Tract 164,0
2024,14000US36067016501,Census Tract 165.01,0.03846153989434242
2024,14000US36067016502,Census Tract 165.02,0
2024,14000US36067016600,Census Tract 166,0
2024,14000US36067016700,Census Tract 167,0
2024,14000US36067016801,Census Tract 168.01,0
2024,14000US36067016802,Census Tract 168.02,0
2024,14000US36067016901,Census Tract 169.01,0.0416666679084301
2024,14000US36067016902,Census Tract 169.02,0.06451612710952759
2024,14000US36067940000,Census Tract 9400,0.0416666679084301
2025,14000US36067000100,Census Tract 1,0
2025,14000US36067000200,Census Tract 2,0.11999999731779099
2025,14000US36067000300,Census Tract 3,0.04899999871850014
2025,14000US36067000400,Census Tract 4,0.04500000178813934
2025,14000US36067000501,Census Tract 5.01,0.09200000017881393
2025,14000US36067000600,Census Tract 6,0.16899999976158142
2025,14000US36067000700,Census Tract 7,0.12600000202655792
2025,14000US36067000800,Census Tract 8,0.0949999988079071
2025,14000US36067000900,Census Tract 9,0.010999999940395355
2025,14000US36067001000,Census Tract 10,0.019999999552965164
2025,14000US36067001400,Census Tract 14,0.19699999690055847
2025,14000US36067001500,Census Tract 15,0.16899999976158142
2025,14000US36067001600,Census Tract 16,0.19200000166893005
2025,14000US36067001701,Census Tract 17.01,0.06300000101327896
2025,14000US36067001702,Census Tract 17.02,0.02199999988079071
2025,14000US36067001800,Census Tract 18,0.04500000178813934
2025,14000US36067001900,Census Tract 19,0.032999999821186066
2025,14000US36067002000,Census Tract 20,0.017000000923871994
2025,14000US36067002101,Census Tract 21.01,0.12399999797344208
2025,14000US36067002300,Census Tract 23,0.08799999952316284
2025,14000US36067002400,Census Tract 24,0.11299999803304672
2025,14000US36067002700,Census Tract 27,0.041999999433755875
2025,14000US36067002901,Census Tract 29.01,0.09399999678134918
2025,14000US36067003000,Census Tract 30,0.04899999871850014
2025,14000US36067003200,Census Tract 32,0.041999999433755875
2025,14000US36067003400,Census Tract 34,0.06300000101327896
2025,14000US36067003500,Census Tract 35,0
2025,14000US36067003601,Census Tract 36.01,0.0560000017285347
2025,14000US36067003602,Census Tract 36.02,0.01600000075995922
2025,14000US36067003800,Census Tract 38,0.1850000023841858
2025,14000US36067003900,Census Tract 39,0.1120000034570694
2025,14000US36067004000,Census Tract 40,0.08900000154972076
2025,14000US36067004200,Census Tract 42,0.013000000268220901
2025,14000US36067004301,Census Tract 43.01,0
2025,14000US36067004401,Census Tract 44.01,0.04399999976158142
2025,14000US36067004500,Census Tract 45,0.0689999982714653
2025,14000US36067004600,Census Tract 46,0.012000000104308128
2025,14000US36067004800,Census Tract 48,0
2025,14000US36067004900,Census Tract 49,0.09300000220537186
2025,14000US36067005000,Census Tract 50,0.061000000685453415
2025,14000US36067005100,Census Tract 51,0.057999998331069946
2025,14000US36067005200,Census Tract 52,0.14499999582767487
2025,14000US36067005300,Census Tract 53,0.08500000089406967
2025,14000US36067005400,Census Tract 54,0.1720000058412552
2025,14000US36067005500,Census Tract 55,0.01899999938905239
2025,14000US36067005601,Census Tract 56.01,0
2025,14000US36067005700,Census Tract 57,0.13099999725818634
2025,14000US36067005800,Census Tract 58,0.11500000208616257
2025,14000US36067005900,Census Tract 59,0.14900000393390656
2025,14000US36067006000,Census Tract 60,0.035999998450279236
2025,14000US36067006101,Census Tract 61.01,0.06300000101327896
2025,14000US36067006102,Census Tract 61.02,0.03700000047683716
2025,14000US36067006103,Census Tract 61.03,0.08299999684095383
2025,14000US36067010100,Census Tract 101,0.023000000044703484
2025,14000US36067010200,Census Tract 102,0.017999999225139618
2025,14000US36067010301,Census Tract 103.01,0
2025,14000US36067010321,Census Tract 103.21,0
2025,14000US36067010322,Census Tract 103.22,0
2025,14000US36067010400,Census Tract 104,0.014000000432133675
2025,14000US36067010500,Census Tract 105,0
2025,14000US36067010600,Census Tract 106,0.032999999821186066
2025,14000US36067010700,Census Tract 107,0
2025,14000US36067010800,Census Tract 108,0.013000000268220901
2025,14000US36067010900,Census Tract 109,0.028999999165534973
2025,14000US36067011011,Census Tract 110.11,0
2025,14000US36067011012,Census Tract 110.12,0.010999999940395355
2025,14000US36067011021,Census Tract 110.21,0.03099999949336052
2025,14000US36067011022,Census Tract 110.22,0
2025,14000US36067011101,Census Tract 111.01,0.007000000216066837
2025,14000US36067011102,Census Tract 111.02,0
2025,14000US36067011201,Census Tract 112.01,0
2025,14000US36067011202,Census Tract 112.02,0
2025,14000US36067011231,Census Tract 112.31,0
2025,14000US36067011232,Census Tract 112.32,0
2025,14000US36067011241,Census Tract 112.41,0
2025,14000US36067011242,Census Tract 112.42,0.017000000923871994
2025,14000US36067011300,Census Tract 113,0
2025,14000US36067011401,Census Tract 114.01,0
2025,14000US36067011402,Census Tract 114.02,0
2025,14000US36067011500,Census Tract 115,0
2025,14000US36067011600,Census Tract 116,0
2025,14000US36067011700,Census Tract 117,0
2025,14000US36067011800,Census Tract 118,0
2025,14000US36067011900,Census Tract 119,0
2025,14000US36067012000,Census Tract 120,0.014000000432133675
2025,14000US36067012100,Census Tract 121,0.009999999776482582
2025,14000US36067012200,Census Tract 122,0
2025,14000US36067012300,Census Tract 123,0.01899999938905239
2025,14000US36067012400,Census Tract 124,0
2025,14000US36067012500,Census Tract 125,0.014999999664723873
2025,14000US36067012600,Census Tract 126,0
2025,14000US36067012700,Census Tract 127,0
2025,14000US36067012800,Census Tract 128,0
2025,14000US36067012900,Census Tract 129,0.04100000113248825
2025,14000US36067013000,Census Tract 130,0.061000000685453415
2025,14000US36067013100,Census Tract 131,0
2025,14000US36067013200,Census Tract 132,0.023000000044703484
2025,14000US36067013300,Census Tract 133,0
2025,14000US36067013400,Census Tract 134,0
2025,14000US36067013500,Census Tract 135,0
2025,14000US36067013600,Census Tract 136,0
2025,14000US36067013701,Census Tract 137.01,0.0729999989271164
2025,14000US36067013800,Census Tract 138,0
2025,14000US36067013900,Census Tract 139,0
2025,14000US36067014000,Census Tract 140,0
2025,14000US36067014200,Census Tract 142,0.03400000184774399
2025,14000US36067014300,Census Tract 143,0.024000000208616257
2025,14000US36067014400,Census Tract 144,0.04100000113248825
2025,14000US36067014500,Census Tract 145,0
2025,14000US36067014600,Census Tract 146,0.02199999988079071
2025,14000US36067014700,Census Tract 147,0
2025,14000US36067014800,Census Tract 148,0
2025,14000US36067014900,Census Tract 149,0
2025,14000US36067015000,Census Tract 150,0.017000000923871994
2025,14000US36067015100,Census Tract 151,0
2025,14000US36067015201,Census Tract 152.01,0
2025,14000US36067015202,Census Tract 152.02,0
2025,14000US36067015203,Census Tract 152.03,0
2025,14000US36067015400,Census Tract 154,0.017000000923871994
2025,14000US36067015500,Census Tract 155,0
2025,14000US36067015601,Census Tract 156.01,0
2025,14000US36067015602,Census Tract 156.02,0
2025,14000US36067015701,Census Tract 157.01,0
2025,14000US36067015702,Census Tract 157.02,0.014999999664723873
2025,14000US36067015800,Census Tract 158,0.017000000923871994
2025,14000US36067016001,Census Tract 160.01,0
2025,14000US36067016002,Census Tract 160.02,0
2025,14000US36067016100,Census Tract 161,0
2025,14000US36067016200,Census Tract 162,0.09799999743700027
2025,14000US36067016300,Census Tract 163,0
2025,14000US36067016400,Census Tract 164,0
2025,14000US36067016501,Census Tract 165.01,0
2025,14000US36067016502,Census Tract 165.02,0
2025,14000US36067016600,Census Tract 166,0
2025,14000US36067016700,Census Tract 167,0
2025,14000US36067016801,Census Tract 168.01,0
2025,14000US36067016802,Census Tract 168.02,0
2025,14000US36067016901,Census Tract 169.01,0
2025,14000US36067016902,Census Tract 169.02,0
2025,14000US36067940000,Census Tract 9400,0
