Race ID,Race,Test,School District ID,School District,Year,Percent Proficient
4,American Indian or Alaska Native,ELA,97000US3628590,Syracuse City School District,2014,0.10000000149011612
4,American Indian or Alaska Native,ELA,97000US3628590,Syracuse City School District,2015,0
4,American Indian or Alaska Native,ELA,97000US3628590,Syracuse City School District,2016,0.05999999865889549
4,American Indian or Alaska Native,ELA,97000US3628590,Syracuse City School District,2017,0.3799999952316284
4,American Indian or Alaska Native,ELA,97000US3628590,Syracuse City School District,2018,0.36000001430511475
4,American Indian or Alaska Native,ELA,97000US3628590,Syracuse City School District,2019,0.33000001311302185
4,American Indian or Alaska Native,ELA,97000US3628590,Syracuse City School District,2021,0
4,American Indian or Alaska Native,ELA,97000US3628590,Syracuse City School District,2022,0
4,American Indian or Alaska Native,ELA,97000US3628590,Syracuse City School District,2023,0.125
4,American Indian or Alaska Native,ELA,97000US3628590,Syracuse City School District,2024,0.1111111119389534
4,American Indian or Alaska Native,ELA,97000US3628590,Syracuse City School District,2025,0.4166666567325592
4,American Indian or Alaska Native,Mathematics,97000US3628590,Syracuse City School District,2014,0.10000000149011612
4,American Indian or Alaska Native,Mathematics,97000US3628590,Syracuse City School District,2015,0.12999999523162842
4,American Indian or Alaska Native,Mathematics,97000US3628590,Syracuse City School District,2016,0.28999999165534973
4,American Indian or Alaska Native,Mathematics,97000US3628590,Syracuse City School District,2017,0.36000001430511475
4,American Indian or Alaska Native,Mathematics,97000US3628590,Syracuse City School District,2018,0.44999998807907104
4,American Indian or Alaska Native,Mathematics,97000US3628590,Syracuse City School District,2019,0.20000000298023224
4,American Indian or Alaska Native,Mathematics,97000US3628590,Syracuse City School District,2021,0.14000000059604645
4,American Indian or Alaska Native,Mathematics,97000US3628590,Syracuse City School District,2022,0
4,American Indian or Alaska Native,Mathematics,97000US3628590,Syracuse City School District,2023,0.0833333358168602
4,American Indian or Alaska Native,Mathematics,97000US3628590,Syracuse City School District,2024,0.1666666716337204
4,American Indian or Alaska Native,Mathematics,97000US3628590,Syracuse City School District,2025,0.3333333432674408
5,Black or African American,ELA,97000US3628590,Syracuse City School District,2014,0.05999999865889549
5,Black or African American,ELA,97000US3628590,Syracuse City School District,2015,0.03999999910593033
5,Black or African American,ELA,97000US3628590,Syracuse City School District,2016,0.07000000029802322
5,Black or African American,ELA,97000US3628590,Syracuse City School District,2017,0.10000000149011612
5,Black or African American,ELA,97000US3628590,Syracuse City School District,2018,0.1599999964237213
5,Black or African American,ELA,97000US3628590,Syracuse City School District,2019,0.17000000178813934
5,Black or African American,ELA,97000US3628590,Syracuse City School District,2021,0.15000000596046448
5,Black or African American,ELA,97000US3628590,Syracuse City School District,2022,0.07818181812763214
5,Black or African American,ELA,97000US3628590,Syracuse City School District,2023,0.10849909484386444
5,Black or African American,ELA,97000US3628590,Syracuse City School District,2024,0.14962121844291687
5,Black or African American,ELA,97000US3628590,Syracuse City School District,2025,0.24040067195892334
5,Black or African American,Mathematics,97000US3628590,Syracuse City School District,2014,0.07999999821186066
5,Black or African American,Mathematics,97000US3628590,Syracuse City School District,2015,0.05999999865889549
5,Black or African American,Mathematics,97000US3628590,Syracuse City School District,2016,0.09000000357627869
5,Black or African American,Mathematics,97000US3628590,Syracuse City School District,2017,0.11999999731779099
5,Black or African American,Mathematics,97000US3628590,Syracuse City School District,2018,0.17000000178813934
5,Black or African American,Mathematics,97000US3628590,Syracuse City School District,2019,0.15000000596046448
5,Black or African American,Mathematics,97000US3628590,Syracuse City School District,2021,0.05000000074505806
5,Black or African American,Mathematics,97000US3628590,Syracuse City School District,2022,0.08407871425151825
5,Black or African American,Mathematics,97000US3628590,Syracuse City School District,2023,0.11578947305679321
5,Black or African American,Mathematics,97000US3628590,Syracuse City School District,2024,0.16788321733474731
5,Black or African American,Mathematics,97000US3628590,Syracuse City School District,2025,0.2251148521900177
6,Hispanic or Latino,ELA,97000US3628590,Syracuse City School District,2014,0.07000000029802322
6,Hispanic or Latino,ELA,97000US3628590,Syracuse City School District,2015,0.05999999865889549
6,Hispanic or Latino,ELA,97000US3628590,Syracuse City School District,2016,0.09000000357627869
6,Hispanic or Latino,ELA,97000US3628590,Syracuse City School District,2017,0.12999999523162842
6,Hispanic or Latino,ELA,97000US3628590,Syracuse City School District,2018,0.11999999731779099
6,Hispanic or Latino,ELA,97000US3628590,Syracuse City School District,2019,0.18000000715255737
6,Hispanic or Latino,ELA,97000US3628590,Syracuse City School District,2021,0.10999999940395355
6,Hispanic or Latino,ELA,97000US3628590,Syracuse City School District,2022,0.07999999821186066
6,Hispanic or Latino,ELA,97000US3628590,Syracuse City School District,2023,0.10227272659540176
6,Hispanic or Latino,ELA,97000US3628590,Syracuse City School District,2024,0.12254901975393295
6,Hispanic or Latino,ELA,97000US3628590,Syracuse City School District,2025,0.17326731979846954
6,Hispanic or Latino,Mathematics,97000US3628590,Syracuse City School District,2014,0.09000000357627869
6,Hispanic or Latino,Mathematics,97000US3628590,Syracuse City School District,2015,0.10000000149011612
6,Hispanic or Latino,Mathematics,97000US3628590,Syracuse City School District,2016,0.10000000149011612
6,Hispanic or Latino,Mathematics,97000US3628590,Syracuse City School District,2017,0.14000000059604645
6,Hispanic or Latino,Mathematics,97000US3628590,Syracuse City School District,2018,0.15000000596046448
6,Hispanic or Latino,Mathematics,97000US3628590,Syracuse City School District,2019,0.1599999964237213
6,Hispanic or Latino,Mathematics,97000US3628590,Syracuse City School District,2021,0.05999999865889549
6,Hispanic or Latino,Mathematics,97000US3628590,Syracuse City School District,2022,0.054999999701976776
6,Hispanic or Latino,Mathematics,97000US3628590,Syracuse City School District,2023,0.13636364042758942
6,Hispanic or Latino,Mathematics,97000US3628590,Syracuse City School District,2024,0.16585366427898407
6,Hispanic or Latino,Mathematics,97000US3628590,Syracuse City School District,2025,0.23557692766189575
7,Asian or Native Hawaiian/Other Pacific Islander,ELA,97000US3628590,Syracuse City School District,2014,0.15000000596046448
7,Asian or Native Hawaiian/Other Pacific Islander,ELA,97000US3628590,Syracuse City School District,2015,0.11999999731779099
7,Asian or Native Hawaiian/Other Pacific Islander,ELA,97000US3628590,Syracuse City School District,2016,0.17000000178813934
7,Asian or Native Hawaiian/Other Pacific Islander,ELA,97000US3628590,Syracuse City School District,2017,0.27000001072883606
7,Asian or Native Hawaiian/Other Pacific Islander,ELA,97000US3628590,Syracuse City School District,2018,0.3199999928474426
7,Asian or Native Hawaiian/Other Pacific Islander,ELA,97000US3628590,Syracuse City School District,2019,0.33000001311302185
7,Asian or Native Hawaiian/Other Pacific Islander,ELA,97000US3628590,Syracuse City School District,2021,0.25
7,Asian or Native Hawaiian/Other Pacific Islander,ELA,97000US3628590,Syracuse City School District,2022,0.28169015049934387
7,Asian or Native Hawaiian/Other Pacific Islander,ELA,97000US3628590,Syracuse City School District,2023,0.30000001192092896
7,Asian or Native Hawaiian/Other Pacific Islander,ELA,97000US3628590,Syracuse City School District,2024,0.2688172161579132
7,Asian or Native Hawaiian/Other Pacific Islander,ELA,97000US3628590,Syracuse City School District,2025,0.21978022158145905
7,Asian or Native Hawaiian/Other Pacific Islander,Mathematics,97000US3628590,Syracuse City School District,2014,0.1899999976158142
7,Asian or Native Hawaiian/Other Pacific Islander,Mathematics,97000US3628590,Syracuse City School District,2015,0.1899999976158142
7,Asian or Native Hawaiian/Other Pacific Islander,Mathematics,97000US3628590,Syracuse City School District,2016,0.2800000011920929
7,Asian or Native Hawaiian/Other Pacific Islander,Mathematics,97000US3628590,Syracuse City School District,2017,0.3499999940395355
7,Asian or Native Hawaiian/Other Pacific Islander,Mathematics,97000US3628590,Syracuse City School District,2018,0.46000000834465027
7,Asian or Native Hawaiian/Other Pacific Islander,Mathematics,97000US3628590,Syracuse City School District,2019,0.33000001311302185
7,Asian or Native Hawaiian/Other Pacific Islander,Mathematics,97000US3628590,Syracuse City School District,2021,0.30000001192092896
7,Asian or Native Hawaiian/Other Pacific Islander,Mathematics,97000US3628590,Syracuse City School District,2022,0.26249998807907104
7,Asian or Native Hawaiian/Other Pacific Islander,Mathematics,97000US3628590,Syracuse City School District,2023,0.2666666805744171
7,Asian or Native Hawaiian/Other Pacific Islander,Mathematics,97000US3628590,Syracuse City School District,2024,0.2429906576871872
7,Asian or Native Hawaiian/Other Pacific Islander,Mathematics,97000US3628590,Syracuse City School District,2025,0.3125
8,White,ELA,97000US3628590,Syracuse City School District,2014,0.1899999976158142
8,White,ELA,97000US3628590,Syracuse City School District,2015,0.17000000178813934
8,White,ELA,97000US3628590,Syracuse City School District,2016,0.1899999976158142
8,White,ELA,97000US3628590,Syracuse City School District,2017,0.23999999463558197
8,White,ELA,97000US3628590,Syracuse City School District,2018,0.28999999165534973
8,White,ELA,97000US3628590,Syracuse City School District,2019,0.3199999928474426
8,White,ELA,97000US3628590,Syracuse City School District,2021,0.3499999940395355
8,White,ELA,97000US3628590,Syracuse City School District,2022,0.25660377740859985
8,White,ELA,97000US3628590,Syracuse City School District,2023,0.31128403544425964
8,White,ELA,97000US3628590,Syracuse City School District,2024,0.31330472230911255
8,White,ELA,97000US3628590,Syracuse City School District,2025,0.4072580635547638
8,White,Mathematics,97000US3628590,Syracuse City School District,2014,0.20999999344348907
8,White,Mathematics,97000US3628590,Syracuse City School District,2015,0.25
8,White,Mathematics,97000US3628590,Syracuse City School District,2016,0.30000001192092896
8,White,Mathematics,97000US3628590,Syracuse City School District,2017,0.28999999165534973
8,White,Mathematics,97000US3628590,Syracuse City School District,2018,0.3199999928474426
8,White,Mathematics,97000US3628590,Syracuse City School District,2019,0.36000001430511475
8,White,Mathematics,97000US3628590,Syracuse City School District,2021,0.25
8,White,Mathematics,97000US3628590,Syracuse City School District,2022,0.2150537669658661
8,White,Mathematics,97000US3628590,Syracuse City School District,2023,0.3333333432674408
8,White,Mathematics,97000US3628590,Syracuse City School District,2024,0.3166666626930237
8,White,Mathematics,97000US3628590,Syracuse City School District,2025,0.4440000057220459
9,Multiracial,ELA,97000US3628590,Syracuse City School District,2014,0.03999999910593033
9,Multiracial,ELA,97000US3628590,Syracuse City School District,2015,0.12999999523162842
9,Multiracial,ELA,97000US3628590,Syracuse City School District,2016,0.10000000149011612
9,Multiracial,ELA,97000US3628590,Syracuse City School District,2017,0.17000000178813934
9,Multiracial,ELA,97000US3628590,Syracuse City School District,2018,0.23999999463558197
9,Multiracial,ELA,97000US3628590,Syracuse City School District,2019,0.2800000011920929
9,Multiracial,ELA,97000US3628590,Syracuse City School District,2021,0.18000000715255737
9,Multiracial,ELA,97000US3628590,Syracuse City School District,2022,0.14406779408454895
9,Multiracial,ELA,97000US3628590,Syracuse City School District,2023,0.1504424810409546
9,Multiracial,ELA,97000US3628590,Syracuse City School District,2024,0.1682243049144745
9,Multiracial,ELA,97000US3628590,Syracuse City School District,2025,0.3035714328289032
9,Multiracial,Mathematics,97000US3628590,Syracuse City School District,2014,0.1599999964237213
9,Multiracial,Mathematics,97000US3628590,Syracuse City School District,2015,0.10999999940395355
9,Multiracial,Mathematics,97000US3628590,Syracuse City School District,2016,0.1599999964237213
9,Multiracial,Mathematics,97000US3628590,Syracuse City School District,2017,0.1599999964237213
9,Multiracial,Mathematics,97000US3628590,Syracuse City School District,2018,0.3100000023841858
9,Multiracial,Mathematics,97000US3628590,Syracuse City School District,2019,0.3100000023841858
9,Multiracial,Mathematics,97000US3628590,Syracuse City School District,2021,0.10999999940395355
9,Multiracial,Mathematics,97000US3628590,Syracuse City School District,2022,0.15000000596046448
9,Multiracial,Mathematics,97000US3628590,Syracuse City School District,2023,0.14414414763450623
9,Multiracial,Mathematics,97000US3628590,Syracuse City School District,2024,0.19230769574642181
9,Multiracial,Mathematics,97000US3628590,Syracuse City School District,2025,0.3362831771373749
